sitename,county,aqi,pollutant,status,so2,co,o3,o3_8hr,pm10,pm2.5,no2,nox,no,wind_speed,wind_direc,publishtime,co_8hr,pm2.5_avg,pm10_avg,so2_avg,longitude,latitude,siteid
基隆,基隆市,36,,良好,1,0.39,17,33,4,6,15,16.2,0.9,0.3,83,"2026/03/05 20:00:00",0.2,5.9,10,0,121.760056,25.129167,1
汐止,新北市,52,二氧化氮,普通,1.1,0.34,8,23,14,9,23,27.4,3.9,1.1,33,"2026/03/05 20:00:00",0.2,7.6,14,1,121.64081,25.06624,2
新店,新北市,38,,良好,0.9,0.34,21,25,23,7,16,18.5,2,1.5,124,"2026/03/05 20:00:00",0.3,7.2,14,0,121.537778,24.977222,4
土城,新北市,57,二氧化氮,普通,0.8,0.74,3,21,18,7,32,38.9,6.3,0.2,312,"2026/03/05 20:00:00",0.4,6.2,16,0,121.451861,24.982528,5
板橋,新北市,57,二氧化氮,普通,0.8,0.71,8,18,18,12,32,36.4,4,0.7,26,"2026/03/05 20:00:00",0.4,10.5,14,0,121.458667,25.012972,6
新莊,新北市,52,二氧化氮,普通,0.6,0.5,18,30,19,4,23,24.4,1,1.3,88,"2026/03/05 20:00:00",0.3,6,19,0,121.4325,25.037972,7
菜寮,新北市,53,二氧化氮,普通,0.3,0.5,18,29,15,7,25,26.9,1.5,1.3,88,"2026/03/05 20:00:00",0.3,5.7,12,0,121.481028,25.06895,8
林口,新北市,43,,良好,1.2,0.4,21,28,12,6,18,20.4,1.8,2.5,119,"2026/03/05 20:00:00",0.2,5.6,15,0,121.36548982,25.07798949,9
淡水,新北市,38,,良好,1.1,0.41,15,31,14,8,16,18.5,1.7,,,"2026/03/05 20:00:00",0.2,5.8,10,0,121.449239,25.1645,10
士林,臺北市,31,,良好,0.1,0.27,29,33,8,7,12,13,0.9,0.6,14,"2026/03/05 20:00:00",0.2,5.2,15,0,121.51666356,25.10334003,11
中山,臺北市,55,二氧化氮,普通,0.9,0.54,10,21,16,14,28,32.3,4.3,2,109,"2026/03/05 20:00:00",0.4,10.2,17,0,121.526528,25.062361,12
萬華,臺北市,54,二氧化氮,普通,1.3,0.44,12,21,14,10,27,32,4.5,1.6,96,"2026/03/05 20:00:00",0.3,8.6,14,1,121.507972,25.046503,13
古亭,臺北市,40,,良好,0.9,0.31,22,24,10,5,17,19.4,1.5,1,71,"2026/03/05 20:00:00",0.3,6.4,19,0,121.529556,25.020608,14
松山,臺北市,56,二氧化氮,普通,1.9,0.46,2,21,12,9,30,40.8,10.1,1.2,46,"2026/03/05 20:00:00",0.2,9,14,1,121.578611,25.05,15
大同,臺北市,61,二氧化氮,普通,1,1.1,3,15,39,11,38,76.8,38.1,-,-,"2026/03/05 20:00:00",0.7,8.7,17,0,121.51342074,25.06331455,16
桃園,桃園市,55,二氧化氮,普通,0.8,0.63,7,24,20,9,29,32.7,2.9,0.3,225,"2026/03/05 20:00:00",0.4,6,15,0,121.30500531,24.9947107,17
大園,桃園市,58,二氧化氮,普通,0.8,0.49,12,28,43,22,33,35.9,2.7,1.4,212,"2026/03/05 20:00:00",0.3,13.3,26,1,121.20251473,25.06100357,18
觀音,桃園市,45,,良好,0.9,0.15,36,38,40,9,6,7,0.6,2.4,42,"2026/03/05 20:00:00",0.2,11.2,27,1,121.08283092,25.03556747,19
平鎮,桃園市,72,細懸浮微粒,普通,0.8,0.77,7,26,55,25,41,42.8,1.7,0.2,215,"2026/03/05 20:00:00",0.4,20,37,0,121.203986,24.952786,20
龍潭,桃園市,92,細懸浮微粒,普通,0.6,0.65,6,23,51,39,37,42.7,5.1,0.3,258,"2026/03/05 20:00:00",0.4,27.4,42,0,121.21645772,24.86400048,21
湖口,新竹縣,53,懸浮微粒,普通,1.2,0.32,24,33,44,11,13,14.1,0.2,0.6,186,"2026/03/05 20:00:00",0.2,12.7,33,0,121.03886894,24.90009696,22
竹東,新竹縣,49,,良好,1.1,0.41,9,13,27,21,19,21.5,1.8,0.7,110,"2026/03/05 20:00:00",0.3,12.1,18,1,121.08895493,24.74091408,23
新竹,新竹市,52,懸浮微粒,普通,1.3,0.44,22,23,51,17,18,19.1,0.7,1,170,"2026/03/05 20:00:00",0.3,12,32,1,120.97236752,24.8056356,24
頭份,苗栗縣,62,懸浮微粒,普通,1.4,0.3,25,29,59,15,12,13.9,1.6,0.6,5,"2026/03/05 20:00:00",0.2,12.5,41,1,120.89869286,24.69690679,25
苗栗,苗栗縣,53,細懸浮微粒,普通,1.1,0.26,28,32,42,14,10,11.4,1.1,1.1,351,"2026/03/05 20:00:00",0.2,13.2,29,1,120.82011468,24.56499183,26
三義,苗栗縣,35,,良好,1,0.19,33,32,0,3,4,5,0.8,3.3,13,"2026/03/05 20:00:00",0.2,8.8,11,0,120.75956754,24.38248443,27
豐原,臺中市,52,細懸浮微粒,普通,0.4,0.22,31,33,9,8,7,7.9,0.6,1.6,24,"2026/03/05 20:00:00",0.2,12.8,21,0,120.74252414,24.25699731,28
沙鹿,臺中市,61,懸浮微粒,普通,0.6,0.21,31,36,42,12,8,8.9,0.8,2.6,21,"2026/03/05 20:00:00",0.2,11.9,40,0,120.568794,24.225628,29
大里,臺中市,56,細懸浮微粒,普通,0.5,0.4,23,30,19,9,14,15.5,0.6,1.1,272,"2026/03/05 20:00:00",0.3,14.3,34,0,120.67844444,24.09961111,30
忠明,臺中市,48,,良好,0.9,0.3,27,31,33,8,12,13.1,0.8,0.5,349,"2026/03/05 20:00:00",0.2,12,29,1,120.641092,24.151958,31
西屯,臺中市,50,,良好,0.7,0.21,31,33,31,12,9,9,0,2,355,"2026/03/05 20:00:00",0.2,8.4,30,0,120.616917,24.162197,32
彰化,彰化縣,65,懸浮微粒,普通,0.9,0.31,28,31,46,16,11,12.6,0.8,1.3,7,"2026/03/05 20:00:00",0.2,16.7,44,1,120.541519,24.066,33
線西,彰化縣,64,細懸浮微粒,普通,1.4,0.3,33,38,56,22,8,10.4,1.5,4,30,"2026/03/05 20:00:00",0.1,17.1,42,0,120.469061,24.131672,34
二林,彰化縣,74,懸浮微粒,普通,1.5,0.24,34,38,63,18,6,7.6,1,2.1,9,"2026/03/05 20:00:00",0.2,15.5,52,1,120.409653,23.925175,35
南投,南投縣,64,細懸浮微粒,普通,0.5,0.28,26,30,24,9,13,14,0.9,0.8,309,"2026/03/05 20:00:00",0.2,17.2,39,0,120.685306,23.913,36
斗六,雲林縣,83,細懸浮微粒,普通,0.9,0.22,31,34,41,16,9,11.1,2,1.7,0,"2026/03/05 20:00:00",0.2,24.2,58,1,120.544994,23.711853,37
崙背,雲林縣,69,懸浮微粒,普通,0.4,0.2,34,35,49,14,4,5,0.4,0.9,330,"2026/03/05 20:00:00",0.1,18.3,47,0,120.348742,23.757547,38
新港,嘉義縣,70,細懸浮微粒,普通,1.2,0.23,33,37,39,12,5,6.5,1,2.2,331,"2026/03/05 20:00:00",0.2,19.5,48,1,120.345531,23.554839,39
朴子,嘉義縣,69,細懸浮微粒,普通,0.7,0.17,36,39,38,15,6,7.6,1.4,1.7,356,"2026/03/05 20:00:00",0.1,19,41,1,120.2478,23.46538,40
臺西,雲林縣,57,懸浮微粒,普通,1,0.2,39,40,36,13,6,7,0.9,3.9,17,"2026/03/05 20:00:00",0.1,13.4,36,0,120.19933333,23.702175,41
嘉義,嘉義市,85,細懸浮微粒,普通,1.9,0.3,25,27,47,19,12,12.9,0.7,2.4,17,"2026/03/05 20:00:00",0.3,24.8,54,2,120.44125148,23.46477865,42
新營,臺南市,76,細懸浮微粒,普通,0.5,0.24,32,32,41,12,7,9.2,1.9,2.3,21,"2026/03/05 20:00:00",0.2,21.7,50,1,120.31725,23.305633,43
善化,臺南市,80,懸浮微粒,普通,0.4,0.19,34,35,62,20,6,7,0.5,3.7,15,"2026/03/05 20:00:00",0.2,21.6,57,1,120.29740529,23.11337642,44
安南,臺南市,87,細懸浮微粒,普通,1,0.24,36,36,47,22,7,7.5,0.3,2.8,352,"2026/03/05 20:00:00",0.2,25.8,46,1,120.2175,23.048197,45
臺南,臺南市,78,細懸浮微粒,普通,0.4,0.24,34,35,45,20,9,10.2,0.8,3.2,10,"2026/03/05 20:00:00",0.2,22.2,49,0,120.21947897,22.98928311,46
美濃,高雄市,83,細懸浮微粒,普通,0.5,0.25,30,35,63,27,7,8.3,0.5,1,301,"2026/03/05 20:00:00",0.2,24.1,38,0,120.530542,22.883583,47
橋頭,高雄市,93,細懸浮微粒,普通,1.4,0.28,26,31,75,31,16,17.3,0.9,3.5,15,"2026/03/05 20:00:00",0.3,27.7,55,1,120.305689,22.757506,48
仁武,高雄市,109,細懸浮微粒,對敏感族群不健康,0.9,0.34,21,32,74,32,19,20.2,0.4,3.8,343,"2026/03/05 20:00:00",0.3,33.6,57,1,120.332631,22.689056,49
鳳山,高雄市,111,細懸浮微粒,對敏感族群不健康,1,0.75,17,31,71,32,23,26.1,2.4,1.3,284,"2026/03/05 20:00:00",0.6,34.5,60,1,120.357422,22.628126,50
大寮,高雄市,123,細懸浮微粒,對敏感族群不健康,0.5,0.42,19,36,70,36,22,23,0.4,2.6,343,"2026/03/05 20:00:00",0.4,39.4,66,1,120.425311,22.56413611,51
林園,高雄市,107,細懸浮微粒,對敏感族群不健康,2.2,0.44,26,44,68,35,17,18.8,1.4,0.4,336,"2026/03/05 20:00:00",0.4,33,59,1,120.41175,22.4795,52
楠梓,高雄市,104,細懸浮微粒,對敏感族群不健康,1.2,0.28,24,34,81,36,17,17.8,0.7,2.7,11,"2026/03/05 20:00:00",0.3,31.7,61,1,120.328289,22.733667,53
左營,高雄市,91,細懸浮微粒,普通,0.5,0.33,26,36,66,31,13,14.2,0.7,4.1,4,"2026/03/05 20:00:00",0.3,27.1,53,0,120.292917,22.674861,54
前金,高雄市,90,細懸浮微粒,普通,0.6,0.32,31,40,67,28,13,13.4,0.3,4,349,"2026/03/05 20:00:00",0.3,26.8,61,0,120.28676111,22.63390278,56
前鎮,高雄市,105,細懸浮微粒,對敏感族群不健康,1.1,0.41,26,37,67,26,15,17.8,2,3.2,358,"2026/03/05 20:00:00",0.4,32.1,56,1,120.30833356,22.6044507,57
小港,高雄市,105,細懸浮微粒,對敏感族群不健康,0.8,0.45,26,36,65,31,20,21,0.8,1.8,348,"2026/03/05 20:00:00",0.4,32.2,58,1,120.337736,22.565833,58
屏東,屏東縣,109,細懸浮微粒,對敏感族群不健康,0.7,0.34,24,38,55,29,16,17.7,1.1,1.8,323,"2026/03/05 20:00:00",0.4,33.8,55,0,120.488033,22.673081,59
潮州,屏東縣,143,細懸浮微粒,對敏感族群不健康,1,0.53,35,45,98,62,16,16.7,0.7,0.8,73,"2026/03/05 20:00:00",0.4,47.4,68,0,120.561175,22.523108,60
恆春,屏東縣,39,,良好,0.9,0.16,34,42,15,12,1,3.3,1.3,2.8,29,"2026/03/05 20:00:00",0.1,8.9,15,0,120.788928,21.958069,61
臺東,臺東縣,46,,良好,1.3,0.34,20,33,26,13,9,11.2,1.5,0.5,306,"2026/03/05 20:00:00",0.2,11.5,21,1,121.15045,22.755358,62
花蓮,花蓮縣,40,,良好,1.2,0.43,25,39,22,10,13,13.9,0.6,1.1,24,"2026/03/05 20:00:00",0.2,9.8,20,0,121.599769,23.971306,63
陽明,臺北市,36,,良好,1,0.16,39,39,7,5,0,1.1,0.6,,,"2026/03/05 20:00:00",0.1,2.2,6,1,121.529583,25.182722,64
宜蘭,宜蘭縣,31,,良好,0.5,0.34,26,34,13,8,12,13.6,1,1.1,101,"2026/03/05 20:00:00",0.2,5.8,10,0,121.746394,24.747917,65
冬山,宜蘭縣,46,,良好,0,0.18,24,25,10,11,8,9.7,1.1,2.8,246,"2026/03/05 20:00:00",0.2,11.3,17,0,121.792928,24.632203,66
三重,新北市,35,,良好,,,3,10,16,9,,,,-,-,"2026/03/05 20:00:00",0.9,7.9,21,0,121.493806,25.072611,67
中壢,桃園市,85,細懸浮微粒,普通,1.4,2.37,1,11,69,34,50,111.3,61.1,0.2,220,"2026/03/05 20:00:00",1.2,24.8,45,1,121.221667,24.953278,68
竹山,南投縣,80,細懸浮微粒,普通,1.3,0.25,24,30,37,17,11,12.9,1,1.3,39,"2026/03/05 20:00:00",0.2,23.2,49,1,120.677306,23.756389,69
永和,新北市,45,,良好,0.3,0.48,18,22,14,12,19,23.2,3.6,0.9,98,"2026/03/05 20:00:00",0.4,11.2,17,0,121.516306,25.017,70
復興,高雄市,108,細懸浮微粒,對敏感族群不健康,0.7,0.44,24,34,78,32,18,20.5,2.2,1.4,262,"2026/03/05 20:00:00",0.5,33.5,63,1,120.312017,22.608711,71
埔里,南投縣,43,,良好,1,0.28,20,28,35,17,9,10.5,1,1.6,271,"2026/03/05 20:00:00",0.2,10.6,17,1,120.967903,23.968842,72
馬祖,連江縣,32,,良好,1,0.37,29,35,19,12,11,11.8,0.7,2.3,342,"2026/03/05 20:00:00",0.2,7.7,14,0,119.952724,26.153736,75
金門,金門縣,48,,良好,1.3,0.36,31,38,27,14,14,15.5,1.1,1,106,"2026/03/05 20:00:00",0.2,11.8,21,1,118.312256,24.432133,77
馬公,澎湖縣,42,,良好,0.9,0.2,43,45,20,12,3,3.6,0,3.7,28,"2026/03/05 20:00:00",0.1,9.9,25,0,119.566158,23.569031,78
關山,臺東縣,26,,良好,0.6,0.2,18,28,11,10,3,4.2,0.6,1.1,0,"2026/03/05 20:00:00",0.1,6.3,10,0,121.161933,23.045083,80
麥寮,雲林縣,58,懸浮微粒,普通,0.9,0.19,38,40,40,15,4,4.7,0.6,3.2,4,"2026/03/05 20:00:00",0.1,14.7,37,1,120.251825,23.753506,83
富貴角,新北市,62,懸浮微粒,普通,0.9,0.1,37,44,41,12,3,3.5,0,5.8,99,"2026/03/05 20:00:00",0,13.1,41,0,121.53656894,25.29681695,84
大城,彰化縣,60,懸浮微粒,普通,0.3,0.15,42,45,46,17,3,4.4,1.1,3.1,52,"2026/03/05 20:00:00",0.1,15.4,39,0,120.26964167,23.85493056,85
臺灣大道,臺中市,,,,,,,,28,10,,,,1.3,3,"2026/03/05 20:00:00",,,,,120.6567111,24.1589,88
員林,彰化縣,65,細懸浮微粒,普通,0.8,0.27,28,28,47,19,9,10.2,0.6,1.5,313,"2026/03/05 20:00:00",0.2,17.7,43,1,120.5631893,23.9615945,139
林森,臺南市,85,細懸浮微粒,普通,0.9,0.43,31,31,58,26,10,14,3.2,1.9,64,"2026/03/05 20:00:00",0.5,25.1,55,0,120.22216042,22.98522502,140
南投（鹿谷）,南投縣,29,,良好,1.5,0.24,24,24,9,5,11,12,0.7,0.8,287,"2026/03/05 20:00:00",0.2,7.2,12,1,120.7944772,23.71867609,203
屏東（琉球）,屏東縣,78,細懸浮微粒,普通,0.6,0.23,39,43,50,22,5,5.8,0.3,2.5,319,"2026/03/05 20:00:00",0.3,22.4,38,1,120.37722,22.35222,204
新北（樹林）,新北市,55,二氧化氮,普通,1,0.64,4,19,19,15,29,45,15.2,0,324,"2026/03/05 20:00:00",0.4,13.5,17,0,121.38352778,24.94902778,311
屏東（枋山）,屏東縣,70,細懸浮微粒,普通,0.6,0.37,39,52,30,23,9,9.8,0.1,0.5,113,"2026/03/05 20:00:00",0.3,19.5,31,0,120.651472,22.260899,313
嘉義（建國路）,嘉義縣,78,細懸浮微粒,普通,0.2,0.28,29,35,-,21,13,14.5,1.3,1.4,345,"2026/03/05 20:00:00",0.2,22.2,-,0,120.432686,23.54511,314
