site_name,county,aqi,status,distance_to_taipei,latitude,longitude,pollutant,pm25,pm10,o3,no2,so2,co,wind_speed,wind_direction,publish_time
基隆,基隆市,74,普通,26.1,25.129167,121.760056,懸浮微粒,13,31,27,8,0.3,0.21,0.8,94,2026/2/24 23:00
汐止,新北市,79,普通,12.64,25.06624,121.64081,細懸浮微粒,24,51,23,14,1.4,0.21,1.6,58,2026/2/24 23:00
新店,新北市,71,普通,8.12,24.977222,121.537778,細懸浮微粒,19,41,0,23,1.2,0.5,1.1,96,2026/2/24 23:00
土城,新北市,75,普通,9.79,24.982528,121.451861,細懸浮微粒,21,38,26,14,0.7,0.33,1.7,340,2026/2/24 23:00
板橋,新北市,84,普通,7.04,25.012972,121.458667,細懸浮微粒,19,38,23,15,0.6,0.33,1.6,356,2026/2/24 23:00
新莊,新北市,80,普通,8.58,25.037972,121.4325,細懸浮微粒,18,41,28,9,0.1,0.2,1.5,14,2026/2/24 23:00
菜寮,新北市,76,普通,4.32,25.06895,121.481028,懸浮微粒,16,36,26,12,0.2,0.27,1.1,25,2026/2/24 23:00
林口,新北市,64,普通,15.63,25.07798949,121.3654898,懸浮微粒,15,33,24,7,1.1,0.19,1.4,49,2026/2/24 23:00
淡水,新北市,80,普通,14.66,25.1645,121.449239,懸浮微粒,13,31,24,8,0.4,0.22,,,2026/2/24 23:00
士林,臺北市,74,普通,6.18,25.10334003,121.5166636,懸浮微粒,19,50,18,13,0.4,0.28,0.8,153,2026/2/24 23:00
中山,臺北市,82,普通,1.88,25.062361,121.526528,細懸浮微粒,24,55,9,24,3.8,0.47,1.2,100,2026/2/24 23:00
萬華,臺北市,77,普通,0.92,25.046503,121.507972,懸浮微粒,20,48,12,22,1.4,0.43,1.7,85,2026/2/24 23:00
古亭,臺北市,82,普通,3.28,25.020608,121.529556,細懸浮微粒,27,63,8,28,1.8,0.42,0.8,41,2026/2/24 23:00
松山,臺北市,83,普通,6.21,25.05,121.578611,細懸浮微粒,20,63,17,18,2.9,0.27,1.5,40,2026/2/24 23:00
大同,臺北市,87,普通,1.76,25.06331455,121.5134207,細懸浮微粒,30,47,7,28,3.6,0.56,-,-,2026/2/24 23:00
桃園,桃園市,80,普通,22.16,24.9947107,121.3050053,細懸浮微粒,15,35,27,10,0.4,0.27,1.1,24,2026/2/24 23:00
大園,桃園市,78,普通,31.71,25.06100357,121.2025147,懸浮微粒,12,36,24,12,1.1,0.19,2,26,2026/2/24 23:00
觀音,桃園市,67,普通,43.76,25.03556747,121.0828309,細懸浮微粒,11,15,30,5,0.4,0.16,0.7,69,2026/2/24 23:00
平鎮,桃園市,83,普通,33.27,24.952786,121.203986,懸浮微粒,20,48,9,28,0.3,0.28,0.4,22,2026/2/24 23:00
龍潭,桃園市,90,普通,36.55,24.86400048,121.2164577,細懸浮微粒,24,46,10,21,0.9,0.28,1.2,26,2026/2/24 23:00
湖口,新竹縣,74,普通,50.92,24.90009696,121.0388689,懸浮微粒,14,42,22,11,0.4,0.24,1.6,55,2026/2/24 23:00
竹東,新竹縣,80,普通,55.03,24.74091408,121.0889549,細懸浮微粒,21,41,20,11,1,0.23,1.1,290,2026/2/24 23:00
新竹,新竹市,73,普通,61.17,24.8056356,120.9723675,懸浮微粒,18,38,25,11,1.7,0.26,1,39,2026/2/24 23:00
頭份,苗栗縣,81,普通,73.57,24.69690679,120.8986929,懸浮微粒,11,31,25,9,1.3,0.22,1.3,72,2026/2/24 23:00
苗栗,苗栗縣,77,普通,88.49,24.56499183,120.8201147,細懸浮微粒,23,42,20,11,1,0.22,1.6,20,2026/2/24 23:00
三義,苗栗縣,63,普通,106.43,24.38248443,120.7595675,懸浮微粒,19,37,27,6,1.1,0.18,2.9,15,2026/2/24 23:00
豐原,臺中市,70,普通,117.72,24.25699731,120.7425241,細懸浮微粒,18,39,22,9,1.3,0.22,1.7,73,2026/2/24 23:00
沙鹿,臺中市,73,普通,132.45,24.225628,120.568794,細懸浮微粒,20,37,30,5,0.5,0.18,1.9,337,2026/2/24 23:00
大里,臺中市,73,普通,135.3,24.09961111,120.6784444,懸浮微粒,22,47,16,14,0.9,0.35,0.8,74,2026/2/24 23:00
忠明,臺中市,67,普通,133.28,24.151958,120.641092,細懸浮微粒,21,39,21,11,1.1,0.28,1.3,341,2026/2/24 23:00
西屯,臺中市,68,普通,134.08,24.162197,120.616917,懸浮微粒,17,43,27,8,0.8,0.22,2.3,0,2026/2/24 23:00
彰化,彰化縣,71,普通,147.14,24.066,120.541519,細懸浮微粒,15,36,27,10,0.3,0.24,2,28,2026/2/24 23:00
線西,彰化縣,85,普通,146.98,24.131672,120.469061,細懸浮微粒,23,24,34,4,0.6,0.17,3.2,28,2026/2/24 23:00
二林,彰化縣,92,普通,167.75,23.925175,120.409653,懸浮微粒,17,56,30,4,0.7,0.22,2.6,34,2026/2/24 23:00
南投,南投縣,74,普通,151.68,23.913,120.685306,細懸浮微粒,21,46,8,15,0.1,0.32,0.2,168,2026/2/24 23:00
斗六,雲林縣,91,普通,178.21,23.711853,120.544994,細懸浮微粒,27,63,12,16,0.6,0.32,1.5,2,2026/2/24 23:00
崙背,雲林縣,87,普通,185.95,23.757547,120.348742,懸浮微粒,20,45,23,7,1.7,0.26,1.4,38,2026/2/24 23:00
新港,嘉義縣,94,普通,204.09,23.554839,120.345531,懸浮微粒,22,55,14,11,0.9,0.27,1.9,344,2026/2/24 23:00
朴子,嘉義縣,90,普通,217.98,23.46538,120.2478,懸浮微粒,21,57,15,14,1.6,0.33,0.9,349,2026/2/24 23:00
臺西,雲林縣,71,普通,200.49,23.702175,120.1993333,懸浮微粒,15,39,34,3,1,0.17,4.6,23,2026/2/24 23:00
嘉義,嘉義市,96,普通,207.07,23.46477865,120.4412515,懸浮微粒,29,72,12,15,1.5,0.37,2.6,11,2026/2/24 23:00
新營,臺南市,99,普通,228.77,23.305633,120.31725,懸浮微粒,23,74,12,18,1.3,0.32,1.7,5,2026/2/24 23:00
善化,臺南市,101,對敏感族群不健康,248.18,23.11337642,120.2974053,懸浮微粒,24,81,16,15,1.8,0.35,2,5,2026/2/24 23:00
安南,臺南市,104,對敏感族群不健康,258.55,23.048197,120.2175,細懸浮微粒,30,79,12,19,2.2,0.42,1.9,318,2026/2/24 23:00
臺南,臺南市,101,對敏感族群不健康,264.12,22.98928311,120.219479,懸浮微粒,30,76,16,21,2.4,0.43,1.8,5,2026/2/24 23:00
美濃,高雄市,85,普通,260.69,22.883583,120.530542,細懸浮微粒,23,49,32,5,1.1,0.27,1,8,2026/2/24 23:00
橋頭,高雄市,93,普通,282.87,22.757506,120.305689,細懸浮微粒,31,70,29,14,1.5,0.25,1.2,6,2026/2/24 23:00
仁武,高雄市,95,普通,288.6,22.689056,120.332631,細懸浮微粒,28,70,25,18,0.9,0.41,0.9,340,2026/2/24 23:00
鳳山,高雄市,87,普通,293.76,22.628126,120.357422,細懸浮微粒,32,65,31,15,2.2,0.45,0.3,135,2026/2/24 23:00
大寮,高雄市,84,普通,297.66,22.56413611,120.425311,細懸浮微粒,34,77,29,13,2,0.38,0.2,226,2026/2/24 23:00
林園,高雄市,81,普通,306.93,22.4795,120.41175,懸浮微粒,30,87,34,8,,0.28,0.5,38,2026/2/24 23:00
楠梓,高雄市,96,普通,284.28,22.733667,120.328289,懸浮微粒,30,75,26,14,1,0.33,1,12,2026/2/24 23:00
左營,高雄市,87,普通,291.74,22.674861,120.292917,懸浮微粒,25,65,20,20,1.2,0.45,1,303,2026/2/24 23:00
前金,高雄市,90,普通,296.14,22.63390278,120.2867611,懸浮微粒,25,74,26,18,0.8,0.47,1.8,356,2026/2/24 23:00
前鎮,高雄市,80,普通,298.2,22.6044507,120.3083336,細懸浮微粒,29,65,23,23,1.4,0.56,0.8,7,2026/2/24 23:00
小港,高雄市,83,普通,300.92,22.565833,120.337736,懸浮微粒,27,74,36,15,0.9,0.35,0.6,19,2026/2/24 23:00
屏東,屏東縣,92,普通,284.03,22.673081,120.488033,細懸浮微粒,32,77,35,11,1.6,0.31,1,335,2026/2/24 23:00
潮州,屏東縣,80,普通,297.1,22.523108,120.561175,細懸浮微粒,31,68,31,7,0.8,0.28,0.8,89,2026/2/24 23:00
恆春,屏東縣,28,良好,351.49,21.958069,120.788928,,5,20,27,0,1,0.11,2.6,51,2026/2/24 23:00
臺東,臺東縣,39,良好,257.62,22.755358,121.15045,,13,20,16,6,0.9,0.23,0.4,308,2026/2/24 23:00
花蓮,花蓮縣,37,良好,119.99,23.971306,121.599769,,8,17,13,6,0.1,0.24,1.5,315,2026/2/24 23:00
陽明,臺北市,39,良好,15.06,25.182722,121.529583,,8,15,23,1,1.8,0.18,,,2026/2/24 23:00
宜蘭,宜蘭縣,50,良好,40.59,24.747917,121.746394,,12,22,14,6,0.4,0.2,0.4,180,2026/2/24 23:00
冬山,宜蘭縣,58,普通,53.95,24.632203,121.792928,懸浮微粒,16,43,25,8,0.9,0.25,1.5,144,2026/2/24 23:00
三重,新北市,81,普通,3.62,25.072611,121.493806,細懸浮微粒,21,43,11,24,0.6,0.6,-,-,2026/2/24 23:00
中壢,桃園市,84,普通,31.56,24.953278,121.221667,細懸浮微粒,19,42,7,27,1,0.44,0.2,15,2026/2/24 23:00
竹山,南投縣,82,普通,166.88,23.756389,120.677306,細懸浮微粒,25,52,12,15,1.9,0.31,1.2,45,2026/2/24 23:00
永和,新北市,89,普通,3.43,25.017,121.516306,細懸浮微粒,24,57,6,29,0.9,0.76,1.1,69,2026/2/24 23:00
復興,高雄市,84,普通,297.62,22.608711,120.312017,細懸浮微粒,31,64,23,24,1.2,0.59,0.8,99,2026/2/24 23:00
埔里,南投縣,70,普通,132.21,23.968842,120.967903,細懸浮微粒,18,36,17,6,1.7,0.31,1.5,155,2026/2/24 23:00
馬祖,連江縣,106,對敏感族群不健康,199.32,26.153736,119.952724,細懸浮微粒,24,58,25,10,0.8,0.35,3.3,327,2026/2/24 23:00
金門,金門縣,95,普通,330.8,24.432133,118.312256,細懸浮微粒,33,44,11,16,0.7,0.38,0.9,23,2026/2/24 23:00
馬公,澎湖縣,66,普通,257.13,23.569031,119.566158,細懸浮微粒,18,32,39,2,0.8,0.17,2.5,29,2026/2/24 23:00
關山,臺東縣,26,良好,225.59,23.045083,121.161933,,7,15,16,2,0.8,0.13,0.8,282,2026/2/24 23:00
麥寮,雲林縣,81,普通,192.68,23.753506,120.251825,懸浮微粒,19,44,32,1,0.8,0.18,2.8,3,2026/2/24 23:00
富貴角,新北市,97,普通,27.76,25.29681695,121.5365689,懸浮微粒,13,32,39,2,0.6,0.15,3.6,49,2026/2/24 23:00
大城,彰化縣,68,普通,183.12,23.85493056,120.2696417,細懸浮微粒,12,30,36,2,0.9,0.14,3.3,30,2026/2/24 23:00
臺灣大道,臺中市,74,普通,131.66,24.1589,120.6567111,細懸浮微粒,23,43,17,17,0.3,0.48,0.5,356,2026/2/24 23:00
員林,彰化縣,81,普通,154.6,23.9615945,120.5631893,細懸浮微粒,22,47,19,12,1.1,0.28,1.1,28,2026/2/24 23:00
林森,臺南市,103,對敏感族群不健康,264.37,22.98522502,120.2221604,細懸浮微粒,35,83,14,23,1.6,0.61,1.5,121,2026/2/24 23:00
南投（鹿谷）,南投縣,71,普通,164.91,23.71867609,120.7944772,細懸浮微粒,19,40,44,5,0.8,0.25,0.2,159,2026/2/24 23:00
屏東（琉球）,屏東縣,57,普通,321.41,22.35222,120.37722,懸浮微粒,22,62,33,7,0.9,0.31,1,78,2026/2/24 23:00
新北（樹林）,新北市,87,普通,17.37,24.94902778,121.3835278,細懸浮微粒,21,39,4,21,0.8,0.49,0.3,93,2026/2/24 23:00
屏東（枋山）,屏東縣,38,良好,322.18,22.260899,120.651472,,5,23,31,1,0.1,0.1,3.7,91,2026/2/24 23:00
嘉義（東區）,嘉義市,93,普通,202.34,23.51301,120.44452,懸浮微粒,27,-,18,16,0.9,0.27,0.7,4,2026/2/24 23:00
